[    
    {
        "nombre": "Agua Negra",
        "localidades": "Las Flores (AR) – Huanta (CL)"
    },
    {
        "nombre": "Aguas Blancas - Bermejo",
        "localidades": "Aguas Blancas (AR) – Bermejo (BO)"
    },
    {
        "nombre": "Bernardo de Irigoyen - Dionisio Cerqueira",
        "localidades": "Bernardo de Irigoyen (AR) – Dionisio Cerqueira (BR)"
    },
    {
        "nombre": "Andresito - Capanema",
        "localidades": "Comandante Andresito (AR) – Capanema (BR)"
    },
    {
        "nombre": "Cajón del Maipo",
        "localidades": null
    },
    {
        "nombre": "Cardenal Antonio Samoré",
        "localidades": "Villa La Angostura (AR) – Entre Lagos (CL)"
    },
    {
        "nombre": "Carirriñe",
        "localidades": "Junín de los Andes (AR) – Liquiñe (CL)"
    },
    {
        "nombre": "Clorinda - Puerto José Falcón",
        "localidades": "Clorinda (AR) – José Falcón (PY) por Puente Internacional San Ignacio de Loyola"
    },
    {
        "nombre": "Colonia General Belgrano - General Bruguez",
        "localidades": "General Belgrano (AR) – General Bruguez (PY)"
    },
    {
        "nombre": "Colón - Paysandú",
        "localidades": "Colón (AR) – Paysandú (UY) por Puente Internacional Gral. José Gervasio Artigas"
    },
    {
        "nombre": "Concordia - Salto",
        "localidades": "Concordia (AR) – Salto (UY) por Puente Represa Hidroeléctrica Salto Grande"
    },
    {
        "nombre": "Copahue",
        "localidades": "Copahue (AR) – Valle de Trapa Trapa (CL) por camino de herradura"
    },
    {
        "nombre": "Coyhaique",
        "localidades": "Río Mayo (AR) – Coyhaique (CL)"
    },
    {
        "nombre": "Dorotea",
        "localidades": "Río Turbio (AR) – Puerto Natales (CL)"
    },
    {
        "nombre": "El Condado - La Mamora",
        "localidades": "Los Toldos (AR) – La Mamora (BO)"
    },
    {
        "nombre": "El Soberbio - Porto Soberbo",
        "localidades": "El Soberbio (AR) – Porto Soberbo (BR)"
    },
    {
        "nombre": "Futaleufú",
        "localidades": "Travelin (AR) – Fataleufú (CL)"
    },
    {
        "nombre": "Gualeguaychú - Fray Bentos",
        "localidades": "Gualeguaychú (AR) – Fray Bentos (UY) por Puente Internacional Gral. San Martín"
    },
    {
        "nombre": "Hua Hum",
        "localidades": "San Martín de los Andes (AR) – Panguipulli (CL) por transbordador en Lago Pirihueico"
    },
    {
        "nombre": "Huemules",
        "localidades": "Lago Blanco (AR) – Balmaceda (CL)"
    },
    {
        "nombre": "Icalma",
        "localidades": "Villa Pehuenia (AR) – Icalma (CL)"
    },
    {
        "nombre": "Iguazú - Foz de Iguazú",
        "localidades": "Puerto Iguazú (AR) – Foz de Iguazú (BR) por Puente Internacional Tancredo Neves"
    },
    {
        "nombre": "Ingeniero Pallavicini - Ibáñez",
        "localidades": "Perito Moreno (AR) – Puerto Ibañez (CL)"
    },
    {
        "nombre": "Integración Austral",
        "localidades": "Río Gallegos (AR) – Punta Arenas (CL)"
    },
    {
        "nombre": "Integración - Planalto",
        "localidades": null
    },
    {
        "nombre": "Isleta - Paraje Rojas Silva",
        "localidades": "Paraje Isleta (AR) – Fortín Tte. Cnl. Rojas Silva (PY) por camino vecinal de tierra (acceso con vehículos 4x4)"
    },
    {
        "nombre": "Jama",
        "localidades": "Paraje Jama (AR) – San Pedro de Atacama (CL)"
    },
    {
        "nombre": "Jeinimeni",
        "localidades": "Los Antiguos (AR) – Chile Chico (CL)"
    },
    {
        "nombre": "Lago San Martín - O´Higgins",
        "localidades": "Lago San Martín (AR) – Lago O`Higgins (CL) sin medios públicos para paso"
    },
    {
        "nombre": "La Quiaca - Villazón",
        "localidades": "La Quiaca (AR) – Villazón (BO) por Puente Internacional La Quiaca"
    },
    {
        "nombre": "Las Pampas",
        "localidades": "Atilio Viglione (AR) – Lago Verde (CL)"
    },
    {
        "nombre": "Laurita - Casas Viejas",
        "localidades": "28 de Noviembre (AR) – Puerto Natales (CL)"
    },
    {
        "nombre": "Mamuil Malal",
        "localidades": "Junín de los Andes (AR) – Curarrehue (CL)"
    },
    {
        "nombre": "Misión La Paz - Pozo Hondo",
        "localidades": "Misión La Paz (AR) – Pozo Hondo (PY)"
    },
    {
        "nombre": "Pampa Alta",
        "localidades": "Alto Río Senguer (AR) – Villa Ñirehuao (CL)"
    },
    {
        "nombre": "Panambí - Vera Cruz",
        "localidades": "Panambi (AR) – Vera Cruz (BR)"
    },
    {
        "nombre": "Pasarela La Fraternidad",
        "localidades": "Clorinda (AR) – Nanawa (PY)"
    },
    {
        "nombre": "Paso de los Libres - Uruguayana",
        "localidades": "Paso de los Libres (AR) – Uruguayana (BR) por Puente Internacional Agustín P. Justo – Getulio Vargas"
    },
    {
        "nombre": "Paso El Remanso - La Verde",
        "localidades": "Paraje El Remanso (AR) – Fortín Gral. Díaz (PY) por camino vecinal de tierra (acceso con vehículos 4x4)"
    },
    {
        "nombre": "Paso Lamadrid - Misión San Leonardo",
        "localidades": "Paraje Lamadrid (AR) – Misión San Leonardo (PY) por camino vecinal de tierra (acceso vehículos 4x4)"
    },
    {
        "nombre": "Paso de la Barca - Porto Xavier",
        "localidades": "San Javier (AR) – Porto Xavier (BR)"
    },
    {
        "nombre": "Pehuenche",
        "localidades": "Malargüe (AR) – Talca (CL) por ruta asfaltada"
    },
    {
        "nombre": "Pepiri Guazú - Sao Miguel",
        "localidades": "San Pedro (AR) – Sao Miguel do Oeste (BR)"
    },
    {
        "nombre": "Pichachén",
        "localidades": "El Cholar (AR) – Antuco (CL)"
    },
    {
        "nombre": "Pino Hachado",
        "localidades": "Las Lajas (AR) – Liucura (CL)"
    },
    {
        "nombre": "Pircas Negras",
        "localidades": "Paraje Jagüé (AR) – Paraje Los Loros (CL)"
    },
    {
        "nombre": "Portillo de Piuquenes",
        "localidades": "Tunuyán (AR) – San Gabriel (CL)"
    },
    {
        "nombre": "Posadas - Encarnación",
        "localidades": "Posadas (AR) – Encarnación (PY)"
    },
    {
        "nombre": "Puerto Alba Posse - Porto Maua",
        "localidades": "Alba Possse (AR) – Porto Maua (BR)"
    },
    {
        "nombre": "Puerto Alvear - Puerto Itaqui",
        "localidades": "Puerto Alvear (AR) – Puerto Itaquí (BR)"
    },
    {
        "nombre": "Puerto Bermejo - Puerto Pilar",
        "localidades": "Puerto Bermejo (AR)- Pilar (PY)"
    },
    {
        "nombre": "Puerto Boca del Gualeguaychu - Fray Bentos",
        "localidades": "Gualeguaychú (AR) – Fray Bentos (UY)"
    },
    {
        "nombre": "Puerto Candelaria - Campichuelo",
        "localidades": "Puerto Candelaria (AR) – Puerto Campichuelo (PY)"
    },
    {
        "nombre": "Puerto Chalanas - Bermejo",
        "localidades": "Aguas Blancas (AR) – Bermejo (BO)"
    },
    {
        "nombre": "Puerto Colon - Puerto Paysandu",
        "localidades": "Colón (AR) – Paysandú (UY)"
    },
    {
        "nombre": "Puerto Colonia Aurora - Porto Pratos",
        "localidades": "Puerto Colonia Aurora (AR) – Porto Pratos (BR)"
    },
    {
        "nombre": "Puerto Colonia Cano - Puerto Pilar",
        "localidades": "Puerto Colonia Cano (AR) – Puerto Pilar (PY)"
    },
    {
        "nombre": "Puerto Concepcion del Uruguay - Paysandu",
        "localidades": "Puerto Concepción del Uruguay (AR) – Paysandú (UY)"
    },
    {
        "nombre": "Puerto Concordia - Salto",
        "localidades": "Concordia (AR) – Salto (UY)"
    },
    {
        "nombre": "Puerto Eldorado - Puerto Mayor Julio Otaño",
        "localidades": "Puerto Eldorado (AR) – Puerto Mayor Julio Otaño (PY)"
    },
    {
        "nombre": "Puerto Federacion - Villa Constitucion",
        "localidades": "Puerto Federación (AR) – Villa Constitución (UY)"
    },
    {
        "nombre": "Puerto Formosa - Puerto Alberdi",
        "localidades": "Puerto Formosa (AR) – Puerto Alberdi (PY)"
    },
    {
        "nombre": "Puerto Garruchos - Garruchos",
        "localidades": "Garruchos (AR) – Garruchos (BR)"
    },
    {
        "nombre": "Puerto Garuhape - Puerto 3 de Mayo",
        "localidades": "Puerto Garuhapé (AR) – Puerto 3 de Febrero (PY)"
    },
    {
        "nombre": "Puerto Guazu Guazucito - Carmelo",
        "localidades": "San Fernando (AR) – Carmelo (UY)"
    },
    {
        "nombre": "Puerto Iguazu - Puerto Tres Fronteras",
        "localidades": "Puerto Iguazú (AR) – Puerto Tres Fronteras (PY)"
    },
    {
        "nombre": "Puerto Ita Ibate - Panchito Lopez",
        "localidades": "Puerto Itá Ibaté (AR) – Puerto Panchito López (PY)"
    },
    {
        "nombre": "Puerto Itati - Puerto Ita Cora",
        "localidades": "Itatí (AR) – Itá Corá (PY)"
    },
    {
        "nombre": "Puerto Ituzaingo - Puerto Ayolas",
        "localidades": "Ituzaingó (AR) – Puerto San Antonio (AR)"
    },
    {
        "nombre": "Puerto La Cruz - Itaqui",
        "localidades": "Puerto La Cruz (AR) - Itaquí (BR)"
    },
    {
        "nombre": "Puerto Las Palmas - Puerto Humaita",
        "localidades": "Puerto Las Palmas (AR) – Humaitá (PY)"
    },
    {
        "nombre": "Puerto Leoni - Puerto Triunfo",
        "localidades": "Puerto Leoni (AR) - Puerto Triunfo (PY)"
    },
    {
        "nombre": "Puerto Libertad - Puerto Domingo Martínez de Irala",
        "localidades": "Puerto Libertad (AR) - Domingo Martínez de Irala (PY)"
    },
    {
        "nombre": "Puerto Luis - Constitucion",
        "localidades": "Puerto Luis (AR) – Villa Constitución (UY)"
    },
    {
        "nombre": "Puerto Mado - Puerto Lomas Valentinas",
        "localidades": "Eldorado (AR) - Lomas Valentinas (PY)"
    },
    {
        "nombre": "Puerto Mani - Puerto Bella Vista Sur",
        "localidades": "Corpus Christi (AR) – Bella Vista Sur (PY)"
    },
    {
        "nombre": "Puerto Martin Garcia - Carmelo",
        "localidades": "Isla Martín García (AR) – Puerto Carmelo (UY)"
    },
    {
        "nombre": "Puerto Monte Caseros - Bella Union",
        "localidades": "Monte Caseros (AR) - Bella Unión (UY)"
    },
    {
        "nombre": "Puerto Montecarlo - Puerto Ape Aime",
        "localidades": "Montecarlo (AR) – Ape Aime (PY)"
    },
    {
        "nombre": "Puerto Oasis - Capitan Meza",
        "localidades": "Colonia Oasis (AR) – Capitán Meza (PY)"
    },
    {
        "nombre": "Puerto Paranacito - Nueva Palmira",
        "localidades": "Villa Paranacito (AR) – Nueva Palmira (UY)"
    },
    {
        "nombre": "Puerto Paranay - Colonia Alborada",
        "localidades": "Puerto Paranay (AR) – Colonia Alborada (PY)"
    },
    {
        "nombre": "Puerto Paso de la Patria - Paso de la Patria",
        "localidades": "Puerto Paso de la Patria (AR) – Puerto Paso de Patria (PY)"
    },
    {
        "nombre": "Puerto Pilcomayo - Puerto Ita Enramada",
        "localidades": "Puerto Pilcomayo (AR) – Itá Enramada (PY)"
    },
    {
        "nombre": "Puerto Pinares - Carlos Antonio Lopez",
        "localidades": "Eldorado (AR) – Carlos Antonio López (PY)"
    },
    {
        "nombre": "Puerto Piray - Puerto 7 de Agosto",
        "localidades": "Puerto Piray (AR) – Colonia 7 de Agosto (PY)"
    },
    {
        "nombre": "Puerto Rico - Puerto Triunfo",
        "localidades": "Puerto Rico (AR) – Puerto Triunfo (PY)"
    },
    {
        "nombre": "Puerto San Antonio de Apipe - Puerto Ayolas",
        "localidades": "Isla San Antonio (AR) – Misiones (PY)"
    },
    {
        "nombre": "Puerto San Ignacio - Puerto Paraiso",
        "localidades": "San Ignacio (AR) – Nueva Alborada (PY)"
    },
    {
        "nombre": "Puerto San Isidro - San Isidro",
        "localidades": "Colonia San Isidro (AR) – Colonia San Isidro (BR)"
    },
    {
        "nombre": "Puerto Santa Ana - Puerto Samuhu",
        "localidades": "Puerto Santa Ana (AR) – Puerto Samuhú (PY)"
    },
    {
        "nombre": "Puerto Santa Eloisa - Belen",
        "localidades": "Puerto Santa Eloísa (AR) – Belén (UY)"
    },
    {
        "nombre": "Puerto Santa María - Colonia Florida",
        "localidades": "Colonia Santa María (AR) – Colonia Florida (PY)"
    },
    {
        "nombre": "Puerto Victoria - Capitan Urbina",
        "localidades": "Victoria (AR) – Capitán Urbina (PY)"
    },
    {
        "nombre": "Puerto Wanda - Puerto Ita Vera",
        "localidades": "Colonia Wanda (AR) – Puerto Itá Verá (PY)"
    },
    {
        "nombre": "Puerto Yahape - Puerto Cerrito",
        "localidades": "Puerto Yahapé (AR) – Puerto Cerrito (PY)"
    },
    {
        "nombre": "Puerto Yapeyu - Puerto San Marcos",
        "localidades": "Puerto Yapeyú (AR) – San Marcos (BR)"
    },
    {
        "nombre": "Pérez Rosales",
        "localidades": "Lago Frías (AR) – Peulla (CL)"
    },
    {
        "nombre": "Roballos",
        "localidades": "Paso Rodolfo Roballos (AR) – Cochrane (CL)"
    },
    {
        "nombre": "Río Bella Vista (Ex Radman)",
        "localidades": "Río Grande (AR) – Villa Camerón (CL)"
    },
    {
        "nombre": "Río Don Guillermo",
        "localidades": "Río Turbio (AR) – Torres del Paine (CL)"
    },
    {
        "nombre": "Río Encuentro",
        "localidades": "Travelin (AR) – Palena (CL)"
    },
    {
        "nombre": "Río Frías",
        "localidades": "Aldea Apeleg (AR) – Puerto Cisnes (CL)"
    },
    {
        "nombre": "Río Manso",
        "localidades": "Paraje El Manso (AR) – Paraje El León (CL)"
    },
    {
        "nombre": "Río Mayer - Ribera Norte",
        "localidades": "Gobernador Gregores (AR) – Villa O´Higgins (CL)"
    },
    {
        "nombre": "Río Mosco",
        "localidades": "Grupo Cocovi (AR) – Villa O`Higgins (CL) por sendas"
    },
    {
        "nombre": "Río Puelo",
        "localidades": "Lago Puelo (AR) – Segundo Corral (CL)"
    },
    {
        "nombre": "Salvador Mazza - Yacuiba",
        "localidades": "Salvador Mazza (AR) – Yacuiba (BO)"
    },
    {
        "nombre": "San Antonio - Santo Antonio",
        "localidades": "San Antonio (AR) – Santo Antonio (BR)"
    },
    {
        "nombre": "San Francisco",
        "localidades": "Las Grutas (AR) – Copiapó (CL)"
    },
    {
        "nombre": "San Sebastián",
        "localidades": "Paraje San Sebastián (AR) – Porvenir (CL)"
    },
    {
        "nombre": "Santo Tomé - Sao Borja",
        "localidades": "Santo Tomé (AR) – Sao Borja (BR) por Puente Internacional de la Integración"
    },
    {
        "nombre": "Sico",
        "localidades": "San Antonio de los Cobres (AR) – San Pedro de Atacama (CL)"
    },
        {
        "nombre": "Sistema Cristo Redentor",
        "localidades": "Villa Las Cuevas (AR) – Los Andes (CL)"
    },
    {
        "nombre": "Socompa",
        "localidades": "Salta (AR) – Antofagasta (CL)"
    },
    {
        "nombre": "Triana",
        "localidades": "Aldea Beleiro (AR) – Coyhaique (CL)"
    },
    {
        "nombre": "Vergara",
        "localidades": "Malargüe (AR) – Curico (CL)"
    },
    {
        "nombre": "Vuriloche",
        "localidades": "Pampa Linda (AR) – Ralun (CL) a caballo o a pie"
    },
    {
        "nombre": "Yaciretá - Yaciretá",
        "localidades": "Ituzaingó (AR) – Ayolas (PY)"
    }
]

